"fb_group_presence","avg_bans"
"no",46.794776119403
"yes",66.2204724409449
